IncidntNum,Category,Descript,DayOfWeek,Date,Time,PdDistrict,Resolution,Address,X,Y,Location,PdId
120058272,WEAPON LAWS,POSS OF PROHIBITED WEAPON,Friday,01/29/2016 12:00:00 AM,11:00,SOUTHERN,"ARREST, BOOKED",800 Block of BRYANT ST,-122.403404791479,37.775420706711,"(37.775420706711, -122.403404791479)",12005827212120
120058272,WEAPON LAWS,"FIREARM, LOADED, IN VEHICLE, POSSESSION OR USE",Friday,01/29/2016 12:00:00 AM,11:00,SOUTHERN,"ARREST, BOOKED",800 Block of BRYANT ST,-122.403404791479,37.775420706711,"(37.775420706711, -122.403404791479)",12005827212168
141059263,WARRANTS,WARRANT ARREST,Monday,04/25/2016 12:00:00 AM,14:59,BAYVIEW,"ARREST, BOOKED",KEITH ST / SHAFTER AV,-122.388856204292,37.7299809672996,"(37.7299809672996, -122.388856204292)",14105926363010
160013662,NON-CRIMINAL,LOST PROPERTY,Tuesday,01/05/2016 12:00:00 AM,23:50,TENDERLOIN,NONE,JONES ST / OFARRELL ST,-122.412970537591,37.7857883766888,"(37.7857883766888, -122.412970537591)",16001366271000
160002740,NON-CRIMINAL,LOST PROPERTY,Friday,01/01/2016 12:00:00 AM,00:30,MISSION,NONE,16TH ST / MISSION ST,-122.419671780296,37.7650501214668,"(37.7650501214668, -122.419671780296)",16000274071000
160002869,ASSAULT,BATTERY,Friday,01/01/2016 12:00:00 AM,21:35,NORTHERN,NONE,1700 Block of BUSH ST,-122.426077177375,37.788018555829,"(37.788018555829, -122.426077177375)",16000286904134
160003130,OTHER OFFENSES,PAROLE VIOLATION,Saturday,01/02/2016 12:00:00 AM,00:04,SOUTHERN,"ARREST, BOOKED",MARY ST / HOWARD ST,-122.405721454567,37.7808789360214,"(37.7808789360214, -122.405721454567)",16000313026150
160003259,NON-CRIMINAL,FIRE REPORT,Saturday,01/02/2016 12:00:00 AM,01:02,TENDERLOIN,NONE,200 Block of EDDY ST,-122.411778295992,37.7839805592634,"(37.7839805592634, -122.411778295992)",16000325968000
160003970,WARRANTS,WARRANT ARREST,Saturday,01/02/2016 12:00:00 AM,12:21,SOUTHERN,"ARREST, BOOKED",4TH ST / BERRY ST,-122.393357241451,37.7757876218293,"(37.7757876218293, -122.393357241451)",16000397063010
160003641,MISSING PERSON,FOUND PERSON,Friday,01/01/2016 12:00:00 AM,10:06,BAYVIEW,NONE,100 Block of CAMERON WY,-122.387181635995,37.7209669615499,"(37.7209669615499, -122.387181635995)",16000364175000
160086863,LARCENY/THEFT,ATTEMPTED THEFT FROM LOCKED VEHICLE,Friday,01/29/2016 12:00:00 AM,22:30,TARAVAL,NONE,1200 Block of 19TH AV,-122.477376524003,37.7644781578695,"(37.7644781578695, -122.477376524003)",16008686306240
160004053,NON-CRIMINAL,"AIDED CASE, MENTAL DISTURBED",Saturday,01/02/2016 12:00:00 AM,13:30,TARAVAL,NONE,2200 Block of 21ST AV,-122.477960327299,37.7457389429655,"(37.7457389429655, -122.477960327299)",16000405364020
160073014,OTHER OFFENSES,RESISTING ARREST,Monday,01/25/2016 12:00:00 AM,23:20,BAYVIEW,"ARREST, BOOKED",200 Block of HUNTERSPOINT BL,-122.37675765553,37.7356970275482,"(37.7356970275482, -122.37675765553)",16007301427170
140776777,ASSAULT,AGGRAVATED ASSAULT WITH A GUN,Thursday,09/15/2016 12:00:00 AM,07:40,INGLESIDE,"ARREST, BOOKED",SILVER AV / CAMELLIA AV,-122.432325871028,37.7292705199592,"(37.7292705199592, -122.432325871028)",14077677704011
160004069,BURGLARY,"BURGLARY,STORE UNDER CONSTRUCTION, FORCIBLE ENTRY",Saturday,01/02/2016 12:00:00 AM,01:43,CENTRAL,NONE,100 Block of SANSOME ST,-122.40090869889,37.791642982384,"(37.791642982384, -122.40090869889)",16000406905151
160004150,STOLEN PROPERTY,"STOLEN CHECKS, POSSESSION",Saturday,01/02/2016 12:00:00 AM,11:54,SOUTHERN,"ARREST, BOOKED",900 Block of MARKET ST,-122.408595110869,37.7837069301545,"(37.7837069301545, -122.408595110869)",16000415011017
160004241,ROBBERY,"ROBBERY, ARMED WITH A KNIFE",Saturday,01/02/2016 12:00:00 AM,14:11,MISSION,NONE,900 Block of POTRERO AV,-122.406870402082,37.7572895904578,"(37.7572895904578, -122.406870402082)",16000424103072
160004558,ASSAULT,BATTERY WITH SERIOUS INJURIES,Saturday,01/02/2016 12:00:00 AM,16:40,MISSION,NONE,VALENCIA ST / 26TH ST,-122.420354780861,37.7489063051829,"(37.7489063051829, -122.420354780861)",16000455804136
160004655,ASSAULT,BATTERY,Saturday,01/02/2016 12:00:00 AM,17:05,INGLESIDE,NONE,900 Block of GENEVA AV,-122.439909766772,37.715765426995,"(37.715765426995, -122.439909766772)",16000465504134
160004837,LARCENY/THEFT,PETTY THEFT SHOPLIFTING,Saturday,01/02/2016 12:00:00 AM,17:39,SOUTHERN,JUVENILE BOOKED,900 Block of MARKET ST,-122.408421116922,37.7835699386918,"(37.7835699386918, -122.408421116922)",16000483706362
160005421,FRAUD,FRAUDULENT USE OF AUTOMATED TELLER CARD,Saturday,01/02/2016 12:00:00 AM,21:00,NORTHERN,NONE,GOUGH ST / ROSE ST,-122.422315670749,37.7736186276456,"(37.7736186276456, -122.422315670749)",16000542109250
160005750,WARRANTS,WARRANT ARREST,Sunday,01/03/2016 12:00:00 AM,04:03,NORTHERN,"ARREST, BOOKED",FRANKLIN ST / WASHINGTON ST,-122.424519835009,37.7928412840447,"(37.7928412840447, -122.424519835009)",16000575063010
160005841,DRUG/NARCOTIC,POSSESSION OF NARCOTICS PARAPHERNALIA,Sunday,01/03/2016 12:00:00 AM,06:50,MISSION,"ARREST, BOOKED",23RD ST / FOLSOM ST,-122.414233849038,37.7540986882068,"(37.7540986882068, -122.414233849038)",16000584116710
160005841,OTHER OFFENSES,PROBATION VIOLATION,Sunday,01/03/2016 12:00:00 AM,06:50,MISSION,"ARREST, BOOKED",23RD ST / FOLSOM ST,-122.414233849038,37.7540986882068,"(37.7540986882068, -122.414233849038)",16000584126170
160006071,ASSAULT,THREATS AGAINST LIFE,Sunday,01/03/2016 12:00:00 AM,09:38,RICHMOND,"ARREST, BOOKED",FULTON ST / 47TH AV,-122.507750131004,37.7714939969416,"(37.7714939969416, -122.507750131004)",16000607119057
160006598,OTHER OFFENSES,VIOLATION OF STAY AWAY ORDER,Sunday,01/03/2016 12:00:00 AM,15:09,TARAVAL,"ARREST, BOOKED",0 Block of CAMBON DR,-122.474444639595,37.718302204766,"(37.718302204766, -122.474444639595)",16000659815162
160006770,OTHER OFFENSES,LOST/STOLEN LICENSE PLATE,Sunday,01/03/2016 12:00:00 AM,10:30,MISSION,NONE,16TH ST / LANDERS ST,-122.427562596985,37.7645752317615,"(37.7645752317615, -122.427562596985)",16000677071010
160006786,BURGLARY,"BURGLARY, VEHICLE (ARREST MADE)",Sunday,01/03/2016 12:00:00 AM,15:45,NORTHERN,"ARREST, BOOKED",0 Block of HEMLOCK ST,-122.419203004268,37.7874378309112,"(37.7874378309112, -122.419203004268)",16000678605014
160006952,OTHER OFFENSES,TRAFFIC VIOLATION ARREST,Sunday,01/03/2016 12:00:00 AM,17:02,MISSION,"ARREST, BOOKED",26TH ST / TREAT AV,-122.412690142308,37.7493688284532,"(37.7493688284532, -122.412690142308)",16000695265010
160007057,NON-CRIMINAL,AIDED CASE,Sunday,01/03/2016 12:00:00 AM,17:01,INGLESIDE,NONE,500 Block of CORDOVA ST,-122.434609280352,37.7092010462379,"(37.7092010462379, -122.434609280352)",16000705751040
160007110,VEHICLE THEFT,STOLEN TRUCK,Sunday,01/03/2016 12:00:00 AM,15:40,CENTRAL,NONE,500 Block of POST ST,-122.410882825551,37.7879209375533,"(37.7879209375533, -122.410882825551)",16000711007025
160007132,VEHICLE THEFT,STOLEN AUTOMOBILE,Sunday,01/03/2016 12:00:00 AM,09:00,CENTRAL,NONE,GREEN ST / BATTERY ST,-122.401432754722,37.8004566471039,"(37.8004566471039, -122.401432754722)",16000713207021
160138652,LARCENY/THEFT,PETTY THEFT SHOPLIFTING,Tuesday,02/16/2016 12:00:00 AM,12:40,INGLESIDE,NONE,3300 Block of MISSION ST,-122.421128029505,37.7435550542265,"(37.7435550542265, -122.421128029505)",16013865206362
160138771,ASSAULT,AGGRAVATED ASSAULT WITH A KNIFE,Tuesday,02/16/2016 12:00:00 AM,13:10,TENDERLOIN,NONE,100 Block of OFARRELL ST,-122.407244087032,37.7865647607685,"(37.7865647607685, -122.407244087032)",16013877104012
160139490,RECOVERED VEHICLE,"VEHICLE, RECOVERED, AUTO",Tuesday,02/16/2016 12:00:00 AM,16:35,MISSION,"ARREST, BOOKED",18TH ST / GUERRERO ST,-122.423803001901,37.7615655928045,"(37.7615655928045, -122.423803001901)",16013949007041
160139490,OTHER OFFENSES,PAROLE VIOLATION,Tuesday,02/16/2016 12:00:00 AM,16:35,MISSION,"ARREST, BOOKED",18TH ST / GUERRERO ST,-122.423803001901,37.7615655928045,"(37.7615655928045, -122.423803001901)",16013949026150
160007502,NON-CRIMINAL,"DEATH REPORT, NATURAL CAUSES",Sunday,01/03/2016 12:00:00 AM,19:45,INGLESIDE,NONE,100 Block of AMBER DR,-122.444685482273,37.7441927508932,"(37.7441927508932, -122.444685482273)",16000750261040
160148877,NON-CRIMINAL,"AIDED CASE, MENTAL DISTURBED",Friday,02/19/2016 12:00:00 AM,16:39,SOUTHERN,NONE,1300 Block of MISSION ST,-122.415757039196,37.7754692820041,"(37.7754692820041, -122.415757039196)",16014887764020
160009956,ROBBERY,ROBBERY OF A CHAIN STORE WITH BODILY FORCE,Monday,01/04/2016 12:00:00 AM,17:50,TARAVAL,"ARREST, BOOKED",3200 Block of 20TH AV,-122.475647460786,37.7285280627465,"(37.7285280627465, -122.475647460786)",16000995603044
160010323,OTHER OFFENSES,VIOLATION OF RESTRAINING ORDER,Monday,01/04/2016 12:00:00 AM,20:15,INGLESIDE,NONE,0 Block of VIRGINIA AV,-122.420967440564,37.7428517374449,"(37.7428517374449, -122.420967440564)",16001032315161
160010486,VANDALISM,"MALICIOUS MISCHIEF, BREAKING WINDOWS",Monday,01/04/2016 12:00:00 AM,21:20,TENDERLOIN,NONE,100 Block of HYDE ST,-122.415669661443,37.7821198488931,"(37.7821198488931, -122.415669661443)",16001048628100
160010492,ASSAULT,THREATS AGAINST LIFE,Sunday,01/03/2016 12:00:00 AM,21:30,SOUTHERN,NONE,200 Block of 6TH ST,-122.406346425632,37.7791674218963,"(37.7791674218963, -122.406346425632)",16001049219057
160010505,LARCENY/THEFT,GRAND THEFT FROM LOCKED AUTO,Monday,01/04/2016 12:00:00 AM,19:40,MISSION,NONE,2300 Block of 16TH ST,-122.409529913278,37.7657184395282,"(37.7657184395282, -122.409529913278)",16001050506244
160010511,NON-CRIMINAL,"AIDED CASE, MENTAL DISTURBED",Monday,01/04/2016 12:00:00 AM,21:45,SOUTHERN,NONE,800 Block of BRYANT ST,-122.403404791479,37.775420706711,"(37.775420706711, -122.403404791479)",16001051164020
160010527,BURGLARY,"BURGLARY,STORE UNDER CONSTRUCTION, FORCIBLE ENTRY",Monday,01/04/2016 12:00:00 AM,20:08,MISSION,NONE,1500 Block of BRYANT ST,-122.410738097315,37.767524308783,"(37.767524308783, -122.410738097315)",16001052705151
160010527,ARSON,ARSON OF A COMMERCIAL BUILDING,Monday,01/04/2016 12:00:00 AM,20:08,MISSION,NONE,1500 Block of BRYANT ST,-122.410738097315,37.767524308783,"(37.767524308783, -122.410738097315)",16001052726032
140927099,BURGLARY,"BURGLARY OF RESIDENCE, FORCIBLE ENTRY",Wednesday,10/26/2016 12:00:00 AM,19:37,INGLESIDE,"ARREST, BOOKED",5400 Block of MISSION ST,-122.444314025188,37.7131083433264,"(37.7131083433264, -122.444314025188)",14092709905041
140927099,DRUG/NARCOTIC,POSSESSION OF MARIJUANA,Wednesday,10/26/2016 12:00:00 AM,19:37,INGLESIDE,"ARREST, BOOKED",5400 Block of MISSION ST,-122.444314025188,37.7131083433264,"(37.7131083433264, -122.444314025188)",14092709916010
141000705,MISSING PERSON,MISSING ADULT,Tuesday,08/30/2016 12:00:00 AM,12:29,SOUTHERN,NONE,KANSAS ST / 16TH ST,-122.403644620439,37.7660160114103,"(37.7660160114103, -122.403644620439)",14100070574000
141000705,MISSING PERSON,FOUND PERSON,Tuesday,08/30/2016 12:00:00 AM,12:29,SOUTHERN,NONE,KANSAS ST / 16TH ST,-122.403644620439,37.7660160114103,"(37.7660160114103, -122.403644620439)",14100070575000
160010878,ASSAULT,AGGRAVATED ASSAULT WITH BODILY FORCE,Monday,01/04/2016 12:00:00 AM,23:00,SOUTHERN,NONE,9TH ST / MISSION ST,-122.414714295579,37.7762310404758,"(37.7762310404758, -122.414714295579)",16001087804014
160010878,MISSING PERSON,FOUND PERSON,Monday,01/04/2016 12:00:00 AM,23:00,SOUTHERN,NONE,9TH ST / MISSION ST,-122.414714295579,37.7762310404758,"(37.7762310404758, -122.414714295579)",16001087875000
160010890,VEHICLE THEFT,STOLEN TRUCK,Tuesday,01/05/2016 12:00:00 AM,05:25,NORTHERN,NONE,HAYES ST / POLK ST,-122.418045452768,37.7775118895695,"(37.7775118895695, -122.418045452768)",16001089007025
160010975,OTHER OFFENSES,"DRIVERS LICENSE, SUSPENDED OR REVOKED",Tuesday,01/05/2016 12:00:00 AM,07:43,SOUTHERN,"ARREST, CITED",4TH ST / FOLSOM ST,-122.401161555602,37.7820238478975,"(37.7820238478975, -122.401161555602)",16001097565016
160011014,WARRANTS,WARRANT ARREST,Tuesday,01/05/2016 12:00:00 AM,02:28,BAYVIEW,"ARREST, BOOKED",2700 Block of SAN BRUNO AV,-122.403408669191,37.72700531963,"(37.72700531963, -122.403408669191)",16001101463010
160011177,VANDALISM,"MALICIOUS MISCHIEF, VANDALISM OF VEHICLES",Monday,01/04/2016 12:00:00 AM,08:00,TENDERLOIN,NONE,300 Block of EDDY ST,-122.412930522059,37.7838344374141,"(37.7838344374141, -122.412930522059)",16001117728160
160011183,NON-CRIMINAL,TARASOFF REPORT,Tuesday,01/05/2016 12:00:00 AM,09:45,MISSION,NONE,2700 Block of MISSION ST,-122.418587172219,37.7530186537446,"(37.7530186537446, -122.418587172219)",16001118315095
141066456,FRAUD,FALSE ID TO PEACE OFFICER,Thursday,07/07/2016 12:00:00 AM,23:08,SOUTHERN,"ARREST, BOOKED",10TH ST / HOWARD ST,-122.414370627495,37.7740418385041,"(37.7740418385041, -122.414370627495)",14106645627065
160011860,ASSAULT,AGGRAVATED ASSAULT WITH BODILY FORCE,Tuesday,01/05/2016 12:00:00 AM,14:06,CENTRAL,NONE,200 Block of KEARNY ST,-122.403915681571,37.790538993725,"(37.790538993725, -122.403915681571)",16001186004014
160012006,OTHER OFFENSES,"DRIVERS LICENSE, SUSPENDED OR REVOKED",Tuesday,01/05/2016 12:00:00 AM,15:15,NORTHERN,"ARREST, BOOKED",POLK ST / EDDY ST,-122.419183096362,37.7830998244592,"(37.7830998244592, -122.419183096362)",16001200665016
160012012,OTHER OFFENSES,"DRIVERS LICENSE, SUSPENDED OR REVOKED",Tuesday,01/05/2016 12:00:00 AM,15:14,BAYVIEW,"ARREST, BOOKED",4000 Block of 3RD ST,-122.388753046997,37.7407360548358,"(37.7407360548358, -122.388753046997)",16001201265016
160012028,LARCENY/THEFT,GRAND THEFT FROM LOCKED AUTO,Tuesday,01/05/2016 12:00:00 AM,14:00,PARK,NONE,DIVISADERO ST / HAYES ST,-122.437799703468,37.7749912944366,"(37.7749912944366, -122.437799703468)",16001202806244
160012034,MISSING PERSON,MISSING ADULT,Tuesday,01/05/2016 12:00:00 AM,08:55,NORTHERN,NONE,HAYES ST / FRANKLIN ST,-122.421332684633,37.7770902743669,"(37.7770902743669, -122.421332684633)",16001203474000
160012034,MISSING PERSON,FOUND PERSON,Tuesday,01/05/2016 12:00:00 AM,08:55,NORTHERN,NONE,HAYES ST / FRANKLIN ST,-122.421332684633,37.7770902743669,"(37.7770902743669, -122.421332684633)",16001203475000
160012040,WARRANTS,WARRANT ARREST,Tuesday,01/05/2016 12:00:00 AM,14:00,PARK,"ARREST, BOOKED",2600 Block of GEARY BL,-122.446612978839,37.7822458223917,"(37.7822458223917, -122.446612978839)",16001204063010
160012266,NON-CRIMINAL,"AIDED CASE, MENTAL DISTURBED",Tuesday,01/05/2016 12:00:00 AM,16:10,BAYVIEW,NONE,SAN BRUNO AV / FELTON ST,-122.404594140634,37.7300379995128,"(37.7300379995128, -122.404594140634)",16001226664020
160012307,NON-CRIMINAL,PROPERTY FOR IDENTIFICATION,Tuesday,01/05/2016 12:00:00 AM,16:00,CENTRAL,NONE,100 Block of CLAY ST,-122.397373740066,37.7953338267436,"(37.7953338267436, -122.397373740066)",16001230773000
160012313,WARRANTS,WARRANT ARREST,Tuesday,01/05/2016 12:00:00 AM,16:22,CENTRAL,"ARREST, BOOKED",200 Block of GEARY ST,-122.407434989523,37.7875158741623,"(37.7875158741623, -122.407434989523)",16001231363010
160012329,PROSTITUTION,SOLICITS LEWD ACT,Tuesday,01/05/2016 12:00:00 AM,16:30,SOUTHERN,"ARREST, BOOKED",200 Block of CLARA ST,-122.403464080033,37.7785233776032,"(37.7785233776032, -122.403464080033)",16001232913110
160012329,OTHER OFFENSES,INDECENT EXPOSURE,Tuesday,01/05/2016 12:00:00 AM,16:30,SOUTHERN,"ARREST, BOOKED",200 Block of CLARA ST,-122.403464080033,37.7785233776032,"(37.7785233776032, -122.403464080033)",16001232914040
160012692,NON-CRIMINAL,"DEATH REPORT, CAUSE UNKNOWN",Tuesday,01/05/2016 12:00:00 AM,15:30,PARK,NONE,1000 Block of OAK ST,-122.436614181331,37.773291806903,"(37.773291806903, -122.436614181331)",16001269261030
160012711,DRUG/NARCOTIC,POSSESSION OF NARCOTICS PARAPHERNALIA,Tuesday,01/05/2016 12:00:00 AM,18:04,SOUTHERN,"ARREST, BOOKED",BRYANT ST / ZOE ST,-122.396849015172,37.780527578509,"(37.780527578509, -122.396849015172)",16001271116710
160012711,WARRANTS,ENROUTE TO OUTSIDE JURISDICTION,Tuesday,01/05/2016 12:00:00 AM,18:04,SOUTHERN,"ARREST, BOOKED",BRYANT ST / ZOE ST,-122.396849015172,37.780527578509,"(37.780527578509, -122.396849015172)",16001271162050
160013361,LARCENY/THEFT,ATTEMPTED THEFT FROM LOCKED VEHICLE,Tuesday,01/05/2016 12:00:00 AM,19:30,INGLESIDE,NONE,300 Block of JUDSON AV,-122.450000790445,37.7284180706602,"(37.7284180706602, -122.450000790445)",16001336106240
160013377,OTHER OFFENSES,"DRIVERS LICENSE, SUSPENDED OR REVOKED",Tuesday,01/05/2016 12:00:00 AM,23:22,BAYVIEW,"ARREST, BOOKED",PHELPS ST / CARROLL AV,-122.400834283031,37.7292114647359,"(37.7292114647359, -122.400834283031)",16001337765016
160013383,LARCENY/THEFT,GRAND THEFT FROM LOCKED AUTO,Tuesday,01/05/2016 12:00:00 AM,20:40,SOUTHERN,NONE,MISSION ST / 2ND ST,-122.399802145799,37.7880065324392,"(37.7880065324392, -122.399802145799)",16001338306244
160013399,SECONDARY CODES,JUVENILE INVOLVED,Tuesday,01/05/2016 12:00:00 AM,23:15,BAYVIEW,"ARREST, BOOKED",3RD ST / EGBERT AV,-122.3949284758,37.7239748241609,"(37.7239748241609, -122.3949284758)",16001339915500
160013399,SUSPICIOUS OCC,INVESTIGATIVE DETENTION,Tuesday,01/05/2016 12:00:00 AM,23:15,BAYVIEW,"ARREST, BOOKED",3RD ST / EGBERT AV,-122.3949284758,37.7239748241609,"(37.7239748241609, -122.3949284758)",16001339964085
160013399,OTHER OFFENSES,TRAFFIC VIOLATION,Tuesday,01/05/2016 12:00:00 AM,23:15,BAYVIEW,"ARREST, BOOKED",3RD ST / EGBERT AV,-122.3949284758,37.7239748241609,"(37.7239748241609, -122.3949284758)",16001339965015
160013402,LARCENY/THEFT,GRAND THEFT FROM LOCKED AUTO,Tuesday,01/05/2016 12:00:00 AM,20:30,CENTRAL,NONE,600 Block of TAYLOR ST,-122.41185703254,37.7883235449904,"(37.7883235449904, -122.41185703254)",16001340206244
160013418,OTHER OFFENSES,"DRIVERS LICENSE, SUSPENDED OR REVOKED",Tuesday,01/05/2016 12:00:00 AM,23:30,MISSION,"ARREST, BOOKED",22ND ST / BRYANT ST,-122.409435617106,37.7559977339856,"(37.7559977339856, -122.409435617106)",16001341865016
160189188,NON-CRIMINAL,LOST PROPERTY,Wednesday,03/02/2016 12:00:00 AM,15:00,NORTHERN,NONE,1500 Block of SUTTER ST,-122.425883358148,37.7870798144443,"(37.7870798144443, -122.425883358148)",16018918871000
160013703,NON-CRIMINAL,"LICENSE PLATE, RECOVERED",Tuesday,01/05/2016 12:00:00 AM,19:45,INGLESIDE,NONE,200 Block of OGDEN AV,-122.415126543001,37.7360374466862,"(37.7360374466862, -122.415126543001)",16001370371012
160013719,OTHER OFFENSES,"DRIVERS LICENSE, SUSPENDED OR REVOKED",Wednesday,01/06/2016 12:00:00 AM,09:00,INGLESIDE,"ARREST, BOOKED",GENEVA AV / PRAGUE ST,-122.431928011089,37.712767884821,"(37.712767884821, -122.431928011089)",16001371965016
160013725,DRUNKENNESS,UNDER INFLUENCE OF ALCOHOL IN A PUBLIC PLACE,Wednesday,01/06/2016 12:00:00 AM,08:10,CENTRAL,"ARREST, BOOKED",0 Block of MONTGOMERY ST,-122.402163713618,37.7895710255863,"(37.7895710255863, -122.402163713618)",16001372519090
160013822,OTHER OFFENSES,TRAFFIC VIOLATION ARREST,Wednesday,01/06/2016 12:00:00 AM,09:21,INGLESIDE,"ARREST, BOOKED",MISSION ST / TRUMBULL ST,-122.429306728376,37.7307429169559,"(37.7307429169559, -122.429306728376)",16001382265010
160013872,VANDALISM,"MALICIOUS MISCHIEF, VANDALISM",Tuesday,01/05/2016 12:00:00 AM,23:59,TENDERLOIN,NONE,300 Block of EDDY ST,-122.413790972781,37.7838365565348,"(37.7838365565348, -122.413790972781)",16001387228150
160013888,OTHER OFFENSES,"DRIVERS LICENSE, SUSPENDED OR REVOKED",Wednesday,01/06/2016 12:00:00 AM,09:46,INGLESIDE,"ARREST, BOOKED",MISSION ST / TRUMBULL ST,-122.429306728376,37.7307429169559,"(37.7307429169559, -122.429306728376)",16001388865016
160013913,SECONDARY CODES,DOMESTIC VIOLENCE,Wednesday,01/06/2016 12:00:00 AM,06:00,INGLESIDE,NONE,100 Block of HIGHLAND AV,-122.422067184937,37.7373623605213,"(37.7373623605213, -122.422067184937)",16001391315200
160013913,VANDALISM,"MALICIOUS MISCHIEF, VANDALISM",Wednesday,01/06/2016 12:00:00 AM,06:00,INGLESIDE,NONE,100 Block of HIGHLAND AV,-122.422067184937,37.7373623605213,"(37.7373623605213, -122.422067184937)",16001391328150
160014369,SUSPICIOUS OCC,SUSPICIOUS OCCURRENCE,Tuesday,01/05/2016 12:00:00 AM,01:00,TENDERLOIN,NONE,400 Block of OFARRELL ST,-122.411747371924,37.7859988323798,"(37.7859988323798, -122.411747371924)",16001436964070
160014375,OTHER OFFENSES,"DRIVERS LICENSE, SUSPENDED OR REVOKED",Wednesday,01/06/2016 12:00:00 AM,12:13,MISSION,"ARREST, BOOKED",17TH ST / HOFF ST,-122.420434724553,37.7633758058059,"(37.7633758058059, -122.420434724553)",16001437565016
160014381,NON-CRIMINAL,"DEATH REPORT, CAUSE UNKNOWN",Friday,01/01/2016 12:00:00 AM,08:00,TENDERLOIN,NONE,300 Block of ELLIS ST,-122.411987643595,37.7850226622786,"(37.7850226622786, -122.411987643595)",16001438161030
160014397,OTHER OFFENSES,FALSE PERSONATION,Monday,01/04/2016 12:00:00 AM,15:10,RICHMOND,NONE,700 Block of 40TH AV,-122.500380427915,37.7746206491065,"(37.7746206491065, -122.500380427915)",16001439709027
160014836,ROBBERY,ROBBERY OF A CHAIN STORE WITH A KNIFE,Wednesday,01/06/2016 12:00:00 AM,14:23,RICHMOND,NONE,700 Block of CABRILLO ST,-122.466558780683,37.7751918267217,"(37.7751918267217, -122.466558780683)",16001483603042
160014858,OTHER OFFENSES,"FRAUDULENT GAME OR TRICK, OBTAINING MONEY OR PROPERTY",Wednesday,01/06/2016 12:00:00 AM,06:00,TARAVAL,NONE,2000 Block of 29TH AV,-122.486925960114,37.7490841729028,"(37.7490841729028, -122.486925960114)",16001485809024
160015163,NON-CRIMINAL,AIDED CASE,Wednesday,01/06/2016 12:00:00 AM,16:09,MISSION,NONE,14TH ST / FOLSOM ST,-122.41561633832,37.7685360123583,"(37.7685360123583, -122.41561633832)",16001516351040
160015276,BURGLARY,"BURGLARY, UNLAWFUL ENTRY",Tuesday,01/05/2016 12:00:00 AM,20:00,PARK,NONE,1000 Block of COLE ST,-122.449751652563,37.7644297714074,"(37.7644297714074, -122.449751652563)",16001527605073
160015276,LARCENY/THEFT,GRAND THEFT FROM UNLOCKED AUTO,Tuesday,01/05/2016 12:00:00 AM,20:00,PARK,NONE,1000 Block of COLE ST,-122.449751652563,37.7644297714074,"(37.7644297714074, -122.449751652563)",16001527606224
160015282,LARCENY/THEFT,GRAND THEFT FROM LOCKED AUTO,Tuesday,01/05/2016 12:00:00 AM,17:00,TARAVAL,NONE,0 Block of ARDENWOOD WY,-122.472715759631,37.7352681469084,"(37.7352681469084, -122.472715759631)",16001528206244
160015470,BURGLARY,"BURGLARY OF RESIDENCE, FORCIBLE ENTRY",Wednesday,01/06/2016 12:00:00 AM,09:00,TARAVAL,NONE,2500 Block of KIRKHAM ST,-122.488120173893,37.7592805524173,"(37.7592805524173, -122.488120173893)",16001547005041
160015486,ROBBERY,"ROBBERY, BODILY FORCE",Wednesday,01/06/2016 12:00:00 AM,17:20,MISSION,JUVENILE BOOKED,CAPP ST / 22ND ST,-122.417660640341,37.7555043420028,"(37.7555043420028, -122.417660640341)",16001548603074
160212234,TRESPASS,TRESPASSING,Sunday,03/13/2016 12:00:00 AM,12:15,SOUTHERN,"ARREST, BOOKED",100 Block of 3RD ST,-122.401027740415,37.7853906306613,"(37.7853906306613, -122.401027740415)",16021223427195
160212240,SECONDARY CODES,JUVENILE INVOLVED,Sunday,03/13/2016 12:00:00 AM,11:45,NORTHERN,NONE,400 Block of PAGE ST,-122.428178458093,37.773295406746,"(37.773295406746, -122.428178458093)",16021224015500
160016337,OTHER OFFENSES,"DRIVERS LICENSE, SUSPENDED OR REVOKED",Thursday,01/07/2016 12:00:00 AM,01:25,INGLESIDE,"ARREST, BOOKED",GENEVA AV / CAYUGA AV,-122.443696904615,37.718927976006,"(37.718927976006, -122.443696904615)",16001633765016
160016343,SUSPICIOUS OCC,SUSPICIOUS OCCURRENCE,Thursday,01/07/2016 12:00:00 AM,01:17,TARAVAL,NONE,3200 Block of 20TH AV,-122.475647460786,37.7285280627465,"(37.7285280627465, -122.475647460786)",16001634364070
160016428,WARRANTS,WARRANT ARREST,Thursday,01/07/2016 12:00:00 AM,03:30,TARAVAL,"ARREST, BOOKED",0 Block of SERRANO DR,-122.475924482317,37.7201092063584,"(37.7201092063584, -122.475924482317)",16001642863010
160016569,LARCENY/THEFT,GRAND THEFT FROM LOCKED AUTO,Thursday,01/07/2016 12:00:00 AM,06:30,MISSION,NONE,GUERRERO ST / 23RD ST,-122.423028526535,37.7535681941214,"(37.7535681941214, -122.423028526535)",16001656906244
160016581,BURGLARY,"BURGLARY, VEHICLE (ARREST MADE)",Thursday,01/07/2016 12:00:00 AM,07:12,SOUTHERN,"ARREST, BOOKED",700 Block of TEHAMA ST,-122.411814467067,37.7751286438667,"(37.7751286438667, -122.411814467067)",16001658105014
160016581,STOLEN PROPERTY,"STOLEN PROPERTY, POSSESSION WITH KNOWLEDGE, RECEIVING",Thursday,01/07/2016 12:00:00 AM,07:12,SOUTHERN,"ARREST, BOOKED",700 Block of TEHAMA ST,-122.411814467067,37.7751286438667,"(37.7751286438667, -122.411814467067)",16001658111012
160016581,DRUG/NARCOTIC,POSSESSION OF MARIJUANA,Thursday,01/07/2016 12:00:00 AM,07:12,SOUTHERN,"ARREST, BOOKED",700 Block of TEHAMA ST,-122.411814467067,37.7751286438667,"(37.7751286438667, -122.411814467067)",16001658116010
160016581,DRUG/NARCOTIC,POSSESSION OF CONTROLLED SUBSTANCE,Thursday,01/07/2016 12:00:00 AM,07:12,SOUTHERN,"ARREST, BOOKED",700 Block of TEHAMA ST,-122.411814467067,37.7751286438667,"(37.7751286438667, -122.411814467067)",16001658116660
160016951,ROBBERY,"ROBBERY ON THE STREET, STRONGARM",Thursday,01/07/2016 12:00:00 AM,02:00,MISSION,NONE,CASTRO ST / 17TH ST,-122.435187699349,37.7626702770872,"(37.7626702770872, -122.435187699349)",16001695103014
160016989,ROBBERY,ATTEMPTED ROBBERY WITH BODILY FORCE,Thursday,01/07/2016 12:00:00 AM,10:55,SOUTHERN,"ARREST, BOOKED",5TH ST / TEHAMA ST,-122.404407887961,37.7810759636856,"(37.7810759636856, -122.404407887961)",16001698903474
150437862,WARRANTS,WARRANT ARREST,Monday,10/03/2016 12:00:00 AM,18:05,BAYVIEW,"ARREST, BOOKED",3RD ST / PALOU AV,-122.390971734551,37.7340152180723,"(37.7340152180723, -122.390971734551)",15043786263010
150480366,VEHICLE THEFT,STOLEN AND RECOVERED VEHICLE,Thursday,12/08/2016 12:00:00 AM,15:00,NORTHERN,"ARREST, BOOKED",PINE ST / POLK ST,-122.42049728879,37.789618819255,"(37.789618819255, -122.42049728879)",15048036607020
150480366,DRUNKENNESS,UNDER INFLUENCE OF ALCOHOL IN A PUBLIC PLACE,Thursday,12/08/2016 12:00:00 AM,15:00,NORTHERN,"ARREST, BOOKED",PINE ST / POLK ST,-122.42049728879,37.789618819255,"(37.789618819255, -122.42049728879)",15048036619090
150480366,VANDALISM,"MALICIOUS MISCHIEF, VANDALISM",Thursday,12/08/2016 12:00:00 AM,15:00,NORTHERN,"ARREST, BOOKED",PINE ST / POLK ST,-122.42049728879,37.789618819255,"(37.789618819255, -122.42049728879)",15048036628150
150480366,VANDALISM,"MALICIOUS MISCHIEF, VANDALISM OF VEHICLES",Thursday,12/08/2016 12:00:00 AM,15:00,NORTHERN,"ARREST, BOOKED",PINE ST / POLK ST,-122.42049728879,37.789618819255,"(37.789618819255, -122.42049728879)",15048036628160
160017125,SECONDARY CODES,DOMESTIC VIOLENCE,Thursday,01/07/2016 12:00:00 AM,11:24,NORTHERN,NONE,1900 Block of FRANKLIN ST,-122.424499274231,37.7924030769155,"(37.7924030769155, -122.424499274231)",16001712515200
160017125,NON-CRIMINAL,"AIDED CASE, MENTAL DISTURBED",Thursday,01/07/2016 12:00:00 AM,11:24,NORTHERN,NONE,1900 Block of FRANKLIN ST,-122.424499274231,37.7924030769155,"(37.7924030769155, -122.424499274231)",16001712564020
160017131,ASSAULT,"BATTERY, FORMER SPOUSE OR DATING RELATIONSHIP",Thursday,01/07/2016 12:00:00 AM,07:30,MISSION,NONE,2700 Block of MISSION ST,-122.418587172219,37.7530186537446,"(37.7530186537446, -122.418587172219)",16001713104138
160017404,SUSPICIOUS OCC,INVESTIGATIVE DETENTION,Thursday,01/07/2016 12:00:00 AM,12:40,BAYVIEW,"ARREST, BOOKED",4900 Block of 3RD ST,-122.390978248429,37.7335884807714,"(37.7335884807714, -122.390978248429)",16001740464085
160019585,TRESPASS,TRESPASSING,Friday,01/08/2016 12:00:00 AM,03:03,SOUTHERN,"ARREST, BOOKED",100 Block of 3RD ST,-122.400916029025,37.7854574902997,"(37.7854574902997, -122.400916029025)",16001958527195
151004189,LARCENY/THEFT,PETTY THEFT FROM A BUILDING,Thursday,10/20/2016 12:00:00 AM,09:00,NORTHERN,NONE,1500 Block of JACKSON ST,-122.420583441863,37.7941926336276,"(37.7941926336276, -122.420583441863)",15100418906302
151069666,VEHICLE THEFT,STOLEN TRUCK,Wednesday,01/06/2016 12:00:00 AM,15:45,CENTRAL,NONE,400 Block of STOCKTON ST,-122.406977563692,37.789918101686,"(37.789918101686, -122.406977563692)",15106966607025
151081422,"SEX OFFENSES, NON FORCIBLE","OBSCENE MATTER, DISTRIBUTION TO MINORS",Wednesday,03/23/2016 12:00:00 AM,17:40,INGLESIDE,"ARREST, BOOKED",0 Block of ARAGO ST,-122.443244532399,37.7274687126927,"(37.7274687126927, -122.443244532399)",15108142214017
151081422,NON-CRIMINAL,SEARCH WARRANT SERVICE,Wednesday,03/23/2016 12:00:00 AM,17:40,INGLESIDE,"ARREST, BOOKED",0 Block of ARAGO ST,-122.443244532399,37.7274687126927,"(37.7274687126927, -122.443244532399)",15108142275025
160017426,DRUG/NARCOTIC,POSSESSION OF NARCOTICS PARAPHERNALIA,Thursday,01/07/2016 12:00:00 AM,13:13,NORTHERN,"ARREST, BOOKED",800 Block of EDDY ST,-122.421645255897,37.7827335061208,"(37.7827335061208, -122.421645255897)",16001742616710
160017448,"SEX OFFENSES, NON FORCIBLE","OBSCENE MATTER, DISTRIBUTION TO MINORS",Monday,01/11/2016 12:00:00 AM,16:41,TARAVAL,"ARREST, BOOKED",KIRKHAM ST / 48TH AV,-122.482222292856,37.7595949319925,"(37.7595949319925, -122.482222292856)",16001744814017
160017448,"SEX OFFENSES, FORCIBLE","CHILD ABUSE, EXPLOITATION",Monday,01/11/2016 12:00:00 AM,16:41,TARAVAL,"ARREST, BOOKED",KIRKHAM ST / 48TH AV,-122.482222292856,37.7595949319925,"(37.7595949319925, -122.482222292856)",16001744815016
160017448,SUSPICIOUS OCC,SUSPICIOUS ACT TOWARDS FEMALE,Monday,01/11/2016 12:00:00 AM,16:41,TARAVAL,"ARREST, BOOKED",KIRKHAM ST / 48TH AV,-122.482222292856,37.7595949319925,"(37.7595949319925, -122.482222292856)",16001744864060
160000211,OTHER OFFENSES,INTERFERRING WITH A POLICE OFFICER,Friday,01/01/2016 12:00:00 AM,00:50,SOUTHERN,"ARREST, BOOKED",MARKET ST / BEALE ST,-122.397387796127,37.7924047319625,"(37.7924047319625, -122.397387796127)",16000021127080
160017755,VANDALISM,"MALICIOUS MISCHIEF, BREAKING WINDOWS",Thursday,01/07/2016 12:00:00 AM,13:53,TENDERLOIN,NONE,JONES ST / OFARRELL ST,-122.412970537591,37.7857883766888,"(37.7857883766888, -122.412970537591)",16001775528100
160017761,LARCENY/THEFT,PETTY THEFT FROM LOCKED AUTO,Thursday,01/07/2016 12:00:00 AM,13:50,TENDERLOIN,"ARREST, BOOKED",100 Block of TURK ST,-122.411593095704,37.7830529510782,"(37.7830529510782, -122.411593095704)",16001776106242
160017761,VANDALISM,"MALICIOUS MISCHIEF, VANDALISM OF VEHICLES",Thursday,01/07/2016 12:00:00 AM,13:50,TENDERLOIN,"ARREST, BOOKED",100 Block of TURK ST,-122.411593095704,37.7830529510782,"(37.7830529510782, -122.411593095704)",16001776128160
160017777,WARRANTS,ENROUTE TO OUTSIDE JURISDICTION,Thursday,01/07/2016 12:00:00 AM,14:44,PARK,"ARREST, BOOKED",1800 Block of ELLIS ST,-122.436656983877,37.7818858570285,"(37.7818858570285, -122.436656983877)",16001777762050
160017799,WARRANTS,ENROUTE TO OUTSIDE JURISDICTION,Thursday,01/07/2016 12:00:00 AM,14:50,CENTRAL,"ARREST, BOOKED",COLUMBUS AV / UNION ST,-122.410208370518,37.8003148241057,"(37.8003148241057, -122.410208370518)",16001779962050
160017818,LARCENY/THEFT,GRAND THEFT FROM PERSON,Thursday,01/07/2016 12:00:00 AM,15:06,MISSION,"ARREST, BOOKED",14TH ST / STEVENSON ST,-122.42121339889,37.7681976977245,"(37.7681976977245, -122.42121339889)",16001781806153
160017818,DRUG/NARCOTIC,POSSESSION OF NARCOTICS PARAPHERNALIA,Thursday,01/07/2016 12:00:00 AM,15:06,MISSION,"ARREST, BOOKED",14TH ST / STEVENSON ST,-122.42121339889,37.7681976977245,"(37.7681976977245, -122.42121339889)",16001781816710
160017824,VANDALISM,VANDALISM OR GRAFFITI ON OR WITHIN 100 FT OF HIGHWAY,Thursday,01/07/2016 12:00:00 AM,14:40,CENTRAL,"ARREST, BOOKED",200 Block of CALIFORNIA ST,-122.399392457561,37.7933368944757,"(37.7933368944757, -122.399392457561)",16001782428164
160000471,ASSAULT,MAYHEM WITH A DEADLY WEAPON,Friday,01/01/2016 12:00:00 AM,02:04,TENDERLOIN,"ARREST, BOOKED",100 Block of TAYLOR ST,-122.410791677645,37.7836952269749,"(37.7836952269749, -122.410791677645)",16000047104063
160000471,ASSAULT,BATTERY WITH SERIOUS INJURIES,Friday,01/01/2016 12:00:00 AM,02:04,TENDERLOIN,"ARREST, BOOKED",100 Block of TAYLOR ST,-122.410791677645,37.7836952269749,"(37.7836952269749, -122.410791677645)",16000047104136
160000471,WEAPON LAWS,POSS OF PROHIBITED WEAPON,Friday,01/01/2016 12:00:00 AM,02:04,TENDERLOIN,"ARREST, BOOKED",100 Block of TAYLOR ST,-122.410791677645,37.7836952269749,"(37.7836952269749, -122.410791677645)",16000047112120
160000471,OTHER OFFENSES,CONSPIRACY,Friday,01/01/2016 12:00:00 AM,02:04,TENDERLOIN,"ARREST, BOOKED",100 Block of TAYLOR ST,-122.410791677645,37.7836952269749,"(37.7836952269749, -122.410791677645)",16000047126080
160018383,LARCENY/THEFT,PETTY THEFT SHOPLIFTING,Tuesday,01/05/2016 12:00:00 AM,16:44,TENDERLOIN,"ARREST, BOOKED",100 Block of POWELL ST,-122.40801449292,37.7859507767613,"(37.7859507767613, -122.40801449292)",16001838306362
160018474,NON-CRIMINAL,FOUND PROPERTY,Thursday,01/07/2016 12:00:00 AM,10:00,RICHMOND,NONE,300 Block of 14TH AV,-122.472981975493,37.7815707596523,"(37.7815707596523, -122.472981975493)",16001847472000
160018543,LARCENY/THEFT,PETTY THEFT FROM A BUILDING,Tuesday,01/05/2016 12:00:00 AM,12:00,CENTRAL,NONE,100 Block of LOMBARD ST,-122.404193586978,37.8039838091919,"(37.8039838091919, -122.404193586978)",16001854306302
160018543,TRESPASS,TRESPASSING,Tuesday,01/05/2016 12:00:00 AM,12:00,CENTRAL,NONE,100 Block of LOMBARD ST,-122.404193586978,37.8039838091919,"(37.8039838091919, -122.404193586978)",16001854327195
160000562,ASSAULT,BATTERY,Friday,01/01/2016 12:00:00 AM,02:15,TENDERLOIN,NONE,0 Block of 5THSTNORTH ST,-122.408648588965,37.7849124714135,"(37.7849124714135, -122.408648588965)",16000056204134
160000625,ROBBERY,ROBBERY ON THE STREET WITH A GUN,Friday,01/01/2016 12:00:00 AM,02:39,MISSION,NONE,24TH ST / MISSION ST,-122.418448186101,37.7522391652625,"(37.7522391652625, -122.418448186101)",16000062503011
160000631,ASSAULT,AGGRAVATED ASSAULT WITH A DEADLY WEAPON,Friday,01/01/2016 12:00:00 AM,02:38,TENDERLOIN,NONE,100 Block of TAYLOR ST,-122.410791677645,37.7836952269749,"(37.7836952269749, -122.410791677645)",16000063104013
160000647,DRUNKENNESS,UNDER INFLUENCE OF ALCOHOL IN A PUBLIC PLACE,Friday,01/01/2016 12:00:00 AM,02:26,NORTHERN,NONE,1400 Block of VANNESS AV,-122.422163486157,37.7886856403573,"(37.7886856403573, -122.422163486157)",16000064719090
160019002,LARCENY/THEFT,GRAND THEFT FROM PERSON,Thursday,01/07/2016 12:00:00 AM,21:39,CENTRAL,NONE,1300 Block of STOCKTON ST,-122.408646942187,37.7981171266965,"(37.7981171266965, -122.408646942187)",16001900206153
160019046,ASSAULT,AGGRAVATED ASSAULT WITH BODILY FORCE,Thursday,01/07/2016 12:00:00 AM,21:27,BAYVIEW,"ARREST, BOOKED",1400 Block of KANSAS ST,-122.402316839735,37.7512533511923,"(37.7512533511923, -122.402316839735)",16001904604014
160019046,ASSAULT,INFLICT INJURY ON COHABITEE,Thursday,01/07/2016 12:00:00 AM,21:27,BAYVIEW,"ARREST, BOOKED",1400 Block of KANSAS ST,-122.402316839735,37.7512533511923,"(37.7512533511923, -122.402316839735)",16001904615040
160019052,MISSING PERSON,MISSING ADULT,Sunday,01/03/2016 12:00:00 AM,12:00,TENDERLOIN,NONE,100 Block of HYDE ST,-122.415669661443,37.7821198488931,"(37.7821198488931, -122.415669661443)",16001905274000
160021160,OTHER OFFENSES,MASSAGE ESTABLISHMENT PERMIT VIOLATION,Friday,01/08/2016 12:00:00 AM,12:00,CENTRAL,"ARREST, BOOKED",300 Block of KEARNY ST,-122.404195424821,37.7912255174119,"(37.7912255174119, -122.404195424821)",16002116030011
160021364,BURGLARY,"BURGLARY, HOT PROWL, ATTEMPTED FORCIBLE ENTRY",Friday,01/08/2016 12:00:00 AM,11:30,TARAVAL,NONE,3600 Block of ALEMANY BL,-122.464545672378,37.7115651552421,"(37.7115651552421, -122.464545672378)",16002136405082
160216753,BURGLARY,"BURGLARY, FORCIBLE ENTRY",Tuesday,03/08/2016 12:00:00 AM,09:00,SOUTHERN,NONE,400 Block of CLEMENTINA ST,-122.405014776049,37.7797649716594,"(37.7797649716594, -122.405014776049)",16021675305071
160216769,ASSAULT,"BATTERY, FORMER SPOUSE OR DATING RELATIONSHIP",Monday,03/14/2016 12:00:00 AM,22:20,MISSION,"ARREST, BOOKED",22ND ST / HAMPSHIRE ST,-122.407604807913,37.7561097891474,"(37.7561097891474, -122.407604807913)",16021676904138
160019466,OTHER OFFENSES,"DRIVERS LICENSE, SUSPENDED OR REVOKED",Friday,01/08/2016 12:00:00 AM,01:50,SOUTHERN,"ARREST, BOOKED",800 Block of BRYANT ST,-122.403404791479,37.775420706711,"(37.775420706711, -122.403404791479)",16001946665016
160019488,SUSPICIOUS OCC,SUSPICIOUS OCCURRENCE,Friday,01/08/2016 12:00:00 AM,01:57,TARAVAL,NONE,0 Block of APTOS AV,-122.466039356401,37.7311677273197,"(37.7311677273197, -122.466039356401)",16001948864070
160019494,ROBBERY,"ROBBERY ON THE STREET, STRONGARM",Friday,01/08/2016 12:00:00 AM,01:50,MISSION,NONE,400 Block of CAPP ST,-122.417970955091,37.7594884557036,"(37.7594884557036, -122.417970955091)",16001949403014
160019579,OTHER OFFENSES,"DRIVERS LICENSE, SUSPENDED OR REVOKED",Friday,01/08/2016 12:00:00 AM,03:18,TARAVAL,"ARREST, BOOKED",19TH AV / IRVING ST,-122.477172370751,37.763558459678,"(37.763558459678, -122.477172370751)",16001957965016
160218997,NON-CRIMINAL,FOUND PROPERTY,Tuesday,03/15/2016 12:00:00 AM,13:00,PARK,NONE,PAGE ST / ASHBURY ST,-122.447123741877,37.7709342643167,"(37.7709342643167, -122.447123741877)",16021899772000
160219036,LARCENY/THEFT,GRAND THEFT FROM LOCKED AUTO,Tuesday,03/15/2016 12:00:00 AM,16:20,RICHMOND,NONE,ANZA ST / BEAUMONT AV,-122.454819341663,37.7801162668233,"(37.7801162668233, -122.454819341663)",16021903606244
160219434,NON-CRIMINAL,LOST PROPERTY,Tuesday,03/15/2016 12:00:00 AM,16:00,CENTRAL,NONE,200 Block of POST ST,-122.406021838484,37.7886491245294,"(37.7886491245294, -122.406021838484)",16021943471000
160219440,BURGLARY,"BURGLARY OF APARTMENT HOUSE, FORCIBLE ENTRY",Tuesday,03/15/2016 12:00:00 AM,09:00,NORTHERN,NONE,700 Block of FILLMORE ST,-122.431361636424,37.7762972389613,"(37.7762972389613, -122.431361636424)",16021944005011
160220055,OTHER OFFENSES,FALSE PERSONATION,Wednesday,03/09/2016 12:00:00 AM,21:00,TARAVAL,NONE,2200 Block of 14TH AV,-122.470359608661,37.7460753397163,"(37.7460753397163, -122.470359608661)",16022005509027
160020043,VANDALISM,"MALICIOUS MISCHIEF, BREAKING WINDOWS",Friday,01/08/2016 12:00:00 AM,07:46,MISSION,NONE,200 Block of SOUTH VAN NESS AV,-122.417680776476,37.7695032506114,"(37.7695032506114, -122.417680776476)",16002004328100
160020093,OTHER OFFENSES,"DRIVERS LICENSE, SUSPENDED OR REVOKED",Friday,01/08/2016 12:00:00 AM,10:23,BAYVIEW,NONE,DONNER AV / 3RD ST,-122.394591456373,37.7247274082537,"(37.7247274082537, -122.394591456373)",16002009365016
160020106,NON-CRIMINAL,AIDED CASE,Friday,01/08/2016 12:00:00 AM,09:50,CENTRAL,NONE,300 Block of DRUMM ST,-122.396980823059,37.7968124488109,"(37.7968124488109, -122.396980823059)",16002010651040
160020112,OTHER OFFENSES,TRAFFIC VIOLATION,Friday,01/08/2016 12:00:00 AM,10:17,BAYVIEW,"ARREST, BOOKED",1500 Block of 4TH ST,-122.391093534351,37.7691765975179,"(37.7691765975179, -122.391093534351)",16002011265015
160020134,VEHICLE THEFT,STOLEN TRUCK,Thursday,01/07/2016 12:00:00 AM,19:00,RICHMOND,NONE,4700 Block of GEARY BL,-122.470174478935,37.7806269247284,"(37.7806269247284, -122.470174478935)",16002013407025
160020184,BURGLARY,"BURGLARY,STORE UNDER CONSTRUCTION, FORCIBLE ENTRY",Thursday,01/07/2016 12:00:00 AM,03:00,SOUTHERN,NONE,100 Block of 11TH ST,-122.415766785425,37.7733417484857,"(37.7733417484857, -122.415766785425)",16002018405151
160020190,OTHER OFFENSES,LOST/STOLEN LICENSE PLATE,Wednesday,01/06/2016 12:00:00 AM,19:00,RICHMOND,NONE,700 Block of 38TH AV,-122.498247230843,37.7747185410423,"(37.7747185410423, -122.498247230843)",16002019071010
160020532,LARCENY/THEFT,GRAND THEFT FROM LOCKED AUTO,Friday,01/08/2016 12:00:00 AM,07:30,MISSION,NONE,9TH ST / DIVISION ST,-122.405942290896,37.7696597423213,"(37.7696597423213, -122.405942290896)",16002053206244
120725318,BURGLARY,"BURGLARY OF RESIDENCE, FORCIBLE ENTRY",Saturday,08/27/2016 12:00:00 AM,17:30,RICHMOND,UNFOUNDED,100 Block of 16TH AV,-122.475505142311,37.7852294851953,"(37.7852294851953, -122.475505142311)",12072531805041
120725318,NON-CRIMINAL,FOUND PROPERTY,Saturday,08/27/2016 12:00:00 AM,17:30,RICHMOND,UNFOUNDED,100 Block of 16TH AV,-122.475505142311,37.7852294851953,"(37.7852294851953, -122.475505142311)",12072531872000
120789988,RUNAWAY,RUNAWAY,Monday,05/16/2016 12:00:00 AM,00:41,INGLESIDE,NONE,WOOLSEY ST / UNIVERSITY ST,-122.412469643631,37.7226585129212,"(37.7226585129212, -122.412469643631)",12078998829100
120789988,MISSING PERSON,MISSING JUVENILE,Monday,05/16/2016 12:00:00 AM,00:41,INGLESIDE,NONE,WOOLSEY ST / UNIVERSITY ST,-122.412469643631,37.7226585129212,"(37.7226585129212, -122.412469643631)",12078998874010
160001037,STOLEN PROPERTY,"STOLEN PROPERTY, POSSESSION WITH KNOWLEDGE, RECEIVING",Friday,01/01/2016 12:00:00 AM,06:00,CENTRAL,"ARREST, BOOKED",1000 Block of KEARNY ST,-122.405432083507,37.7973086273284,"(37.7973086273284, -122.405432083507)",16000103711012
160021198,OTHER OFFENSES,TRAFFIC VIOLATION,Friday,01/08/2016 12:00:00 AM,04:11,INGLESIDE,"ARREST, BOOKED",BADEN ST / JOOST AV,-122.439749243454,37.7323679537752,"(37.7323679537752, -122.439749243454)",16002119865015
160021320,SECONDARY CODES,JUVENILE INVOLVED,Friday,01/08/2016 12:00:00 AM,16:00,SOUTHERN,"ARREST, BOOKED",800 Block of MARKET ST,-122.407633520742,37.7841893501425,"(37.7841893501425, -122.407633520742)",16002132015500
160021336,LARCENY/THEFT,PETTY THEFT FROM A BUILDING,Friday,01/08/2016 12:00:00 AM,16:26,SOUTHERN,NONE,800 Block of MARKET ST,-122.406690592261,37.7852071918419,"(37.7852071918419, -122.406690592261)",16002133606301
160021342,NON-CRIMINAL,"AIDED CASE, MENTAL DISTURBED",Friday,01/08/2016 12:00:00 AM,16:28,MISSION,NONE,CESAR CHAVEZ ST / MISSION ST,-122.418221946229,37.7481664083985,"(37.7481664083985, -122.418221946229)",16002134264020
160019949,FRAUD,"CREDIT CARD, THEFT BY USE OF",Thursday,01/07/2016 12:00:00 AM,14:17,BAYVIEW,NONE,2400 Block of SAN BRUNO AV,-122.404830420604,37.7307945918953,"(37.7307945918953, -122.404830420604)",16001994909320
160019955,ASSAULT,THREATS AGAINST LIFE,Thursday,01/07/2016 12:00:00 AM,15:27,CENTRAL,NONE,200 Block of KEARNY ST,-122.403915681571,37.790538993725,"(37.790538993725, -122.403915681571)",16001995519057
160019977,ASSAULT,"BATTERY, FORMER SPOUSE OR DATING RELATIONSHIP",Friday,01/08/2016 12:00:00 AM,08:45,INGLESIDE,"ARREST, BOOKED",100 Block of BROOKDALE AV,-122.420864146521,37.71219982598,"(37.71219982598, -122.420864146521)",16001997704138
160019977,ASSAULT,FALSE IMPRISONMENT,Friday,01/08/2016 12:00:00 AM,08:45,INGLESIDE,"ARREST, BOOKED",100 Block of BROOKDALE AV,-122.420864146521,37.71219982598,"(37.71219982598, -122.420864146521)",16001997704170
160019977,KIDNAPPING,FALSE IMPRISONMENT,Friday,01/08/2016 12:00:00 AM,08:45,INGLESIDE,"ARREST, BOOKED",100 Block of BROOKDALE AV,-122.420864146521,37.71219982598,"(37.71219982598, -122.420864146521)",16001997726142
160019977,VANDALISM,"MALICIOUS MISCHIEF, VANDALISM",Friday,01/08/2016 12:00:00 AM,08:45,INGLESIDE,"ARREST, BOOKED",100 Block of BROOKDALE AV,-122.420864146521,37.71219982598,"(37.71219982598, -122.420864146521)",16001997728150
160019999,LARCENY/THEFT,GRAND THEFT FROM A BUILDING,Thursday,01/07/2016 12:00:00 AM,15:20,SOUTHERN,NONE,700 Block of HOWARD ST,-122.401560967513,37.7840888680389,"(37.7840888680389, -122.401560967513)",16001999906304
160020009,NON-CRIMINAL,"AIDED CASE, MENTAL DISTURBED",Friday,01/08/2016 12:00:00 AM,09:08,TARAVAL,NONE,200 Block of SHIELDS ST,-122.46489903454,37.7178661251324,"(37.7178661251324, -122.46489903454)",16002000964020
160231808,NON-CRIMINAL,"AIDED CASE, MENTAL DISTURBED",Saturday,03/19/2016 12:00:00 AM,22:15,SOUTHERN,NONE,0 Block of DORE ST,-122.413045971966,37.7738617771611,"(37.7738617771611, -122.413045971966)",16023180864020
160001366,NON-CRIMINAL,"AIDED CASE, MENTAL DISTURBED",Friday,01/01/2016 12:00:00 AM,11:50,INGLESIDE,NONE,200 Block of LAIDLEY ST,-122.427951236033,37.7381718902343,"(37.7381718902343, -122.427951236033)",16000136664020
160001388,ROBBERY,ROBBERY OF A CHAIN STORE WITH BODILY FORCE,Friday,01/01/2016 12:00:00 AM,11:15,MISSION,"ARREST, BOOKED",1500 Block of VALENCIA ST,-122.420247296449,37.748520075538,"(37.748520075538, -122.420247296449)",16000138803044
